model,dtype,xpu,cap,bw,sys_opb,hw,cores,pipe_level,is parallel,power constraint,gqa_size,Lin,Lout,bs,required_cap,s_flops,g_flops,s_time,s_matmul,s_fc,s_comm,s_softmax,s_act,s_lnorm,g_time (ms),g_matmul,g_fc,g_comm,g_etc,g_qkv_time,g_prj_time,g_ff_time,g2g_comm,c2g_comm,g_softmax,g_act,g_lnorm,g_energy (nJ),g_dram_energy,g_l2_energy,g_l1_energy,g_reg_energy,g_alu_energy,g_fc_mem_energy,g_fc_comp_energy,g_attn_mem_energy,g_attn_comp_energy,g_etc_mem_energy,g_etc_comp_energy,g_comm_energy
LLAMA2-70B,W16A16,GPU,640,1.0,93.07875894988067,NONE,8,False,False,False,0,2048,8,32,150418298880.0,1333108763337874.0,3697869455360.0,6704.152974443249,223.0079172923077,4529.415418016301,1359.70189824,152.6272071879826,55.75197932307693,383.64855438357995,25.371685765626932,9.63716007300295,6.254163088063887,7.44780288,1.9578891644028638,0.8179119135195847,0.6171601853151764,4.819090989229127,7.44780288,0.0,0.07467056015723712,0.6718974874577562,1.2859916769451072,11062207660.578123,8312220077.260807,989658611.7120003,804783478.101334,356907058.79040027,591659112.8575996,3221412537.958399,2048928129.5701337,5023349709.2096,684928999.424,67457830.09279999,9151132.467199996,6979321.856000002
