model,dtype,xpu,cap,bw,sys_opb,hw,cores,pipe_level,is parallel,power constraint,gqa_size,Lin,Lout,bs,required_cap,s_flops,g_flops,s_time,s_matmul,s_fc,s_comm,s_softmax,s_act,s_lnorm,g_time (ms),g_matmul,g_fc,g_comm,g_etc,g_qkv_time,g_prj_time,g_ff_time,g2g_comm,c2g_comm,g_softmax,g_act,g_lnorm,g_energy (nJ),g_dram_energy,g_l2_energy,g_l1_energy,g_reg_energy,g_alu_energy,g_fc_mem_energy,g_fc_comp_energy,g_attn_mem_energy,g_attn_comp_energy,g_etc_mem_energy,g_etc_comp_energy,g_comm_energy
LLAMA-65B,W16A16,GPU,640,1.0,93.07875894988067,NONE,8,False,False,False,0,2048,8,32,301255956480.0,1860874344670354.2,4299164876800.0005,8540.38190746997,223.0079172923077,6365.644351043023,1359.70189824,152.6272071879826,55.75197932307693,383.64855438357995,26.166412122499043,9.63716007300295,7.04888944493599,7.44780288,1.9578891644028638,1.6126382703916893,0.6171601853151764,4.819090989229127,7.44780288,0.0,0.07467056015723712,0.6718974874577562,1.2859916769451072,11915526226.466118,8853990775.193605,1047816830.9760005,901084697.9413333,417788220.21119994,687866380.2879994,3763183235.8912,2360475997.525334,5023349709.2096,684928999.424,67457830.09279999,9151132.467199996,6979321.856000002
