model,dtype,xpu,cap,bw,sys_opb,hw,cores,pipe_level,is parallel,power constraint,gqa_size,Lin,Lout,bs,required_cap,s_flops,g_flops,s_time,s_matmul,s_fc,s_comm,s_softmax,s_act,s_lnorm,g_time (ms),g_matmul,g_fc,g_comm,g_etc,g_qkv_time,g_prj_time,g_ff_time,g2g_comm,c2g_comm,g_softmax,g_act,g_lnorm,g_energy (nJ),g_dram_energy,g_l2_energy,g_l1_energy,g_reg_energy,g_alu_energy,g_fc_mem_energy,g_fc_comp_energy,g_attn_mem_energy,g_attn_comp_energy,g_etc_mem_energy,g_etc_comp_energy,g_comm_energy
LLAMA-65B,W16A16,GPU,1280,16.0,93.07875894988067,BA,8,True,True,False,0,2048,8,32,301255956480.0,1860874344670354.2,4299164876800.0005,8540.38190746997,223.0079172923077,6365.644351043023,1359.70189824,152.6272071879826,55.75197932307693,383.64855438357995,14.895554242937099,0.7475910400000001,4.733533025200906,7.456541013333331,1.9578891644028638,1.0808937028976553,0.43991199615049853,3.2127273261527503,7.44780288,0.008738133333333335,0.0,0.6718974874577562,1.2859916769451072,7089011472.880978,4696620491.931649,627635650.5600002,664306170.8117336,417629365.8624002,674095641.3951994,3763183235.8912,2360475997.525334,865979425.9476479,14039698.6368,67457830.09279999,9151132.467199996,8724152.320000002
