model,dtype,xpu,cap,bw,sys_opb,hw,cores,pipe_level,is parallel,power constraint,gqa_size,Lin,Lout,bs,required_cap,s_flops,g_flops,s_time,s_matmul,s_fc,s_comm,s_softmax,s_act,s_lnorm,g_time (ms),g_matmul,g_fc,g_comm,g_etc,g_qkv_time,g_prj_time,g_ff_time,g2g_comm,c2g_comm,g_softmax,g_act,g_lnorm,g_energy (nJ),g_dram_energy,g_l2_energy,g_l1_energy,g_reg_energy,g_alu_energy,g_fc_mem_energy,g_fc_comp_energy,g_attn_mem_energy,g_attn_comp_energy,g_etc_mem_energy,g_etc_comp_energy,g_comm_energy
LLAMA2-70B,W16A16,GPU,1280,16.0,93.07875894988067,BA,8,True,True,False,0,2048,8,32,150418298880.0,1333108763337874.0,3697869455360.0,6704.152974443249,223.0079172923077,4529.415418016301,1359.70189824,152.6272071879826,55.75197932307693,383.64855438357995,14.097004952731663,0.7475910400000001,3.9388066683288008,7.452718079999998,1.9578891644028638,0.28616734602555105,0.43991199615049853,3.2127273261527503,7.44780288,0.0049152,0.0,0.6718974874577562,1.2859916769451072,6234929543.664983,4154849793.9988494,569477431.296,568004950.9717336,356748204.4416002,577888373.9647995,3221412537.958399,2048928129.5701337,865979425.9476479,14039698.6368,67457830.09279999,9151132.467199996,7960788.992
